{"cameraMode":{"drawMode":0,"name":"Shaded","section":"Shading Mode"},"sceneLighting":true,"audioPlay":false,"sceneViewState":{"showFog":true,"showMaterialUpdate":true,"showSkybox":true,"showFlares":true,"showImageEffects":true,"showParticleSystems":true},"in2DMode":false,"pivot":{"x":685.359130859375,"y":416.5899658203125,"z":350.58843994140627},"rotation":{"x":0.198420450091362,"y":-0.6224491000175476,"z":0.16772206127643586,"w":0.7383707761764526},"size":668.8106689453125,"orthographic":false}